date,timestamp,count,uniques
2026-08-21,2026-08-21T00:00:00Z,24,12
2026-08-22,2026-08-22T00:00:00Z,18,7
2026-08-23,2026-08-23T00:00:00Z,35,15
2026-08-24,2026-08-24T00:00:00Z,23,15
2026-08-25,2026-08-25T00:00:00Z,26,7
2026-08-26,2026-08-26T00:00:00Z,44,15
2026-08-27,2026-08-27T00:00:00Z,7,6
2026-08-28,2026-08-28T00:00:00Z,23,7
2026-08-29,2026-08-29T00:00:00Z,79,16
2026-08-30,2026-08-30T00:00:00Z,8,5
2026-08-31,2026-08-31T00:00:00Z,7,5
2026-09-01,2026-09-01T00:00:00Z,63,12
2026-09-02,2026-09-02T00:00:00Z,11,8
2026-09-03,2026-09-03T00:00:00Z,14,6
2026-09-04,2026-09-04T00:00:00Z,29,8
